{"accuracy": [0.996942937374115, 0.9972826242446899, 0.998641312122345], "loss": [0.03157242387533188, 0.012215509079396725, 0.004336814396083355], "val_accuracy": [0.9972826242446899, 0.9972826242446899, 0.9972826242446899], "val_loss": [0.01597236469388008, 0.011010360904037952, 0.008267659693956375]}